Model,RMSE,R²
RF,0.14688426239571534,0.8843852299231563
GB,0.14269487043245532,0.8908862430787634
XGB,0.14334331788778867,0.8898922998134345
LGB,0.13603081075055848,0.900839807916103
HISTGB,0.13925536491711962,0.8960829862977319
STACKING,0.13406360163305975,0.9036870796370446
